{
  "tags": [
    {
      "ID": 2,
      "pose": {
        "translation": {
          "x": 8.41185,
          "y": 4.1148,
          "z": 1.403005303348591
        },
        "rotation": {
          "quaternion": {
            "W": 1.0,
            "X": 0.0,
            "Y": 0.0,
            "Z": 0.0
          }
        }
      }
    },
    {
      "ID": 9,
      "pose": {
        "translation": {
          "x": 8.2296,
          "y": 3.93255,
          "z": 1.403
        },
        "rotation": {
          "quaternion": {
            "W": -0.7071067811865476,
            "X": 0.0,
            "Y": 0.0,
            "Z": 0.7071067811865476
          }
        }
      }
    },
    {
      "ID": 10,
      "pose": {
        "translation": {
          "x": 8.2296,
          "y": 4.29705,
          "z": 1.403
        },
        "rotation": {
          "quaternion": {
            "W": -0.7071067811865476,
            "X": 0.0,
            "Y": 0.0,
            "Z": -0.7071067811865476
          }
        }
      }
    },
    {
      "ID": 11,
      "pose": {
        "translation": {
          "x": 8.04735,
          "y": 4.1148,
          "z": 1.40300075762
        },
        "rotation": {
          "quaternion": {
            "W": 0.0,
            "X": 0.0,
            "Y": 0.0,
            "Z": 1.0
          }
        }
      }
    }
  ],
  "field": {
    "length": 16.4592,
    "width": 8.2296
  }
}
